rowid,x,y,ksat,ndvi_mean_years,ndvi_years_range,ndvi_mean_summer,ndvi_summer_range,mean_slope,sd_slope,median_slope,q5_slope,q95_slope,mean_aspect,sd_aspect,median_aspect,q5_aspect,q95_aspect,mean_twi,sd_twi,median_twi,q5_twi,q95_twi,dem1k,tm_1,tm_2,tm_3,tm_4,tm_5,tm_6,tm_7,tm_8,tm_9,tm_10,tm_11,tm_12,rr_mean,rr_range,soil_unit,landcover,lithology,DEPTH
1,523500,569500,2796.174672,0.594573021,0.236490369,0.689525783,0.210692286,0.086844385,0.051990088,0.07768932,0.020683447,0.180383012,4.031650066,2.235215664,5.046681404,0.1032634,6.184194565,6.223501205,0.869513094,6.215166092,4.763822556,7.535748959,500.9134216,-2.391634941,-0.852173984,3.098715305,7.869858742,12.51544571,15.87223148,17.61320496,17.36298561,13.2656498,8.229606628,2.947598934,-1.050519466,690.6118774,605.5,2,126,18,10
2,525500,568500,750.5905211,0.643217921,0.145285368,0.750450075,0.173030794,0.076007947,0.041098364,0.069816001,0.02219327,0.150103718,3.850906134,1.592443585,4.179857731,0.441243947,5.892095089,6.717298985,0.590403616,6.687758446,5.74497366,7.743790627,593.3269043,-2.707681894,-1.257583261,2.610524893,7.31107378,11.95544052,15.29432201,17.02471352,16.79152489,12.76683617,7.858611584,2.565282583,-1.387862206,714.1864624,625.3000488,6,91,18,10
3,526500,568500,463.5325832,0.62846154,0.188509583,0.738546789,0.154676974,0.088266283,0.056094877,0.075855061,0.020789903,0.20282954,2.872744322,1.464440227,2.686695814,0.844091237,5.677531719,6.443509102,0.636296153,6.505226612,5.32879734,7.390139103,591.2531738,-2.722115993,-1.277132273,2.584691048,7.280254364,11.92392063,15.26355934,16.99436951,16.75874901,12.74011326,7.840432167,2.545056581,-1.403690577,717.3440552,624.5999756,6,126,18,10
4,528500,567500,288.5,0.564483106,0.168736547,0.671943545,0.200230777,0.097942404,0.068727516,0.085597828,0.01469599,0.240758568,2.948703527,1.536293745,3.254724503,0.71965903,5.586183071,6.932311058,0.705851495,6.971730232,5.65255928,8.03027153,577.5394897,-2.685921192,-1.225186825,2.650792837,7.35898304,12.00423717,15.3446331,17.07460403,16.8387928,12.80700588,7.886194706,2.597570658,-1.361290336,714.2830811,622.7999878,4,122,18,10
5,530500,567500,299.5915027,0.630987823,0.180342317,0.753545463,0.162292302,0.061565369,0.04094737,0.051594228,0.018867699,0.140654519,3.462051153,1.880740285,3.857516766,0.180414259,6.052572727,6.970871449,0.774543762,7.1036129,5.310707092,7.951404572,627.9436646,-2.769573689,-1.338860989,2.50267911,7.186525345,11.82506847,15.16669559,16.89888,16.66388702,12.65655422,7.780153275,2.477824926,-1.459404111,702.3356323,608.1999512,6,12,18,10
6,532500,567500,293.7854629,0.511904418,0.153030783,0.616934121,0.168471992,0.043283012,0.024782391,0.03992309,0.011029216,0.090379328,3.20394659,1.40096581,3.294172764,0.954814494,5.277480125,7.566215038,0.465566188,7.600387573,6.7733078,8.238731384,641.2424927,-2.806123495,-1.387423873,2.437698126,7.112288475,11.74554443,15.08850288,16.82424927,16.59004974,12.59570599,7.738846302,2.422994375,-1.505740881,703.6152344,606.0999756,4,126,18,10
7,526500,566500,368.9899902,0.562579572,0.179028809,0.662798047,0.163061559,0.092544712,0.057903036,0.082690448,0.025269024,0.20096606,3.646386862,1.6209445,3.877275705,0.542791247,5.92607975,6.233891487,0.733100832,6.194509506,5.116182804,7.560817242,591.7383423,-2.707408428,-1.256021976,2.615062952,7.31579113,11.96219254,15.3000288,17.02845764,16.79628181,12.77098942,7.860005379,2.572485924,-1.384909749,727.430542,637.6000977,4,126,18,10
8,527500,566500,658.1784258,0.556178629,0.217818707,0.656021893,0.224569201,0.123010382,0.057508741,0.117025547,0.041813783,0.22291337,3.331044674,1.972102284,2.932838678,0.335851789,5.931755066,5.684729099,0.843221605,5.591897011,4.388255119,7.126255989,555.1708984,-2.620065689,-1.133703113,2.768562078,7.498531342,12.14630985,15.48926544,17.2206955,16.9835434,12.93014145,7.97009325,2.688163996,-1.285675287,719.1779785,630.7000122,4,93,18,10
9,528500,566500,314.4665797,0.609592617,0.169865131,0.709088624,0.205569208,0.106633872,0.07498838,0.093208008,0.009973268,0.256922871,3.327530384,1.763328314,3.776876926,0.318205237,5.963969231,6.204471111,0.606974602,6.223210335,5.228108406,7.199197769,570.9534302,-2.676981926,-1.213292122,2.668972254,7.379548073,12.02744675,15.36649704,17.09633636,16.86205673,12.8259325,7.898359776,2.612175226,-1.34945333,709.3508911,621.5999756,4,125,18,10
10,532500,566500,288.5,0.592512727,0.169605792,0.712592244,0.173215389,0.0558559,0.028395079,0.052117292,0.017998321,0.101579487,2.927573919,1.543694139,2.721195221,0.690241992,5.614980221,7.002638817,0.452596873,6.962265491,6.286336899,7.862954617,632.8051758,-2.769409657,-1.337368488,2.50019145,7.18336153,11.81744099,15.16307926,16.89797783,16.65956879,12.65381336,7.780535698,2.470197678,-1.463477373,697.642395,602.5999756,6,126,18,10
11,546500,566500,1127,0.492582381,0.186274976,0.596565545,0.188884616,0.065737762,0.054826263,0.056114204,0.01053071,0.175438151,2.379989862,1.359192252,2.494774818,0.44044438,4.5270257,7.159797668,0.939746082,7.052380562,5.945548534,8.997672081,534.4225464,-2.573756218,-0.978951335,2.988299608,7.834519863,12.45803738,15.81307888,17.59538078,17.36208344,13.2386446,8.156452179,2.76774025,-1.260388255,608.7067871,447.8000183,4,122,18,10
12,547500,566500,664.2999878,0.476482898,0.141014278,0.569506347,0.212615371,0.05713753,0.037463386,0.04769266,0.017011285,0.1270549,2.617310047,1.200938463,2.968765736,0.520924926,4.046003342,7.398734093,0.395329803,7.456770897,6.670380592,7.937702656,513.3668213,-2.531055212,-0.921590328,3.059950829,7.919717789,12.54218197,15.90291023,17.68671417,17.4502182,13.31279659,8.208393097,2.824548006,-1.214215398,608.2966309,441.3000183,4,31,18,10
13,529500,565500,334.9808927,0.566974521,0.136835277,0.6802423,0.173807681,0.061788473,0.062305532,0.045505494,5.50E-04,0.187431008,3.367057562,1.551893592,3.469229221,0.557103634,5.740308762,7.622344971,0.797919691,7.731749535,6.199507236,8.701510429,591.9893799,-2.71006012,-1.262685776,2.604100704,7.301440716,11.94505215,15.28590393,17.01492691,16.78113747,12.75706196,7.8525424,2.561920881,-1.389584541,702.8051147,621,4,93,18,10
14,532500,565500,377.3759143,0.595823705,0.21536541,0.698939085,0.201476932,0.054093532,0.034064319,0.04815492,0.015721714,0.105548382,2.835757732,1.66309762,2.419314861,0.696761668,5.734749794,7.130089283,0.495052695,7.14814949,6.420313835,7.925776482,610.855896,-2.737588882,-1.295000792,2.554838657,7.244886875,11.88154793,15.22915268,16.96145439,16.7227459,12.70607376,7.817222595,2.514265537,-1.426626563,689.9135742,598.6000366,4,126,18,10
15,544500,565500,921.3083503,0.52295047,0.145841688,0.612018347,0.170100033,0.067423038,0.037330639,0.060150117,0.022192549,0.135916039,2.526778936,1.262875915,2.547540665,0.641521454,4.892023087,7.70558548,0.656060696,7.83649826,6.532718658,8.573027611,509.6288452,-2.530235052,-0.930533528,3.040103912,7.883276939,12.50787354,15.87079144,17.64915276,17.40645218,13.2768364,8.188956261,2.819180727,-1.210688949,620.3169556,444.4999695,4,126,18,10
16,545500,565500,740.9601202,0.557657957,0.18029806,0.659139574,0.201753855,0.040545806,0.03578556,0.02938167,0.007467096,0.109946258,3.48998189,1.318894625,3.670511961,1.100807548,5.392832279,8.338848114,0.855831325,8.484931946,6.555019855,9.467003822,520.2994995,-2.53212142,-0.92985934,3.042154312,7.890169621,12.5138607,15.87629986,17.65615082,17.41519928,13.28333378,8.192017555,2.819717646,-1.213012576,608.8372803,435.0999756,6,126,18,10
17,546500,565500,417,0.48528564,0.211037248,0.566160738,0.27158463,0.033262875,0.01338424,0.032418065,0.014088668,0.05593098,2.502859116,1.226548553,2.333962917,0.711105704,5.002272129,7.737007141,0.437999785,7.753310204,6.961773872,8.490785599,523.555481,-2.546309471,-0.948080719,3.022526026,7.868559361,12.49144363,15.85268402,17.63286018,17.39357567,13.26418114,8.17725563,2.799548149,-1.231601954,604.1186523,449.1999817,6,91,6,10
18,525500,564500,332.0700068,0.564844966,0.141613483,0.671354294,0.153992295,0.105410799,0.063382231,0.091148093,0.032544501,0.233994976,2.247128725,1.288093328,2.140534639,0.531601191,4.879095078,6.509821892,0.552116096,6.540467262,5.511842728,7.360851288,548.9973755,-2.604510784,-1.108241916,2.804702044,7.545536995,12.19729424,15.53810787,17.2679615,17.03340721,12.97296619,7.997075081,2.72045207,-1.263012648,721.9237671,643.6000977,4,126,18,10
19,530500,564500,288.5,0.659980774,0.1565184,0.764965534,0.162315369,0.038601052,0.021551279,0.033938035,0.012943108,0.0812627,3.716967344,1.778517604,4.158953667,0.288719028,6.014750481,7.707699776,0.461259484,7.723498821,6.919930935,8.406769753,595.7674561,-2.708310604,-1.25581634,2.609923601,7.312486172,11.95497513,15.29833412,17.02853966,16.79256439,12.76567841,7.856615543,2.564887047,-1.387944221,694.3339233,611.2000732,4,93,18,10
20,532500,564500,431.5615728,0.533091009,0.168048084,0.643487096,0.222469211,0.048606586,0.025260296,0.043129928,0.017386392,0.094303325,2.494954586,1.301231027,2.170269966,0.862323284,5.20973444,6.803387642,0.506262898,6.8332057,5.940090179,7.561796188,608.9877319,-2.731137276,-1.286002398,2.566046953,7.258163929,11.89737606,15.24276829,16.97728348,16.73600388,12.71813583,7.82512331,2.524350405,-1.418398023,680.9000244,597.6000366,4,122,18,10
21,533500,564500,310.1625656,0.546178997,0.188134581,0.652988613,0.233761549,0.067997105,0.044688009,0.060111254,0.012177593,0.15528588,3.546861649,1.696274281,3.767829418,0.341625005,5.951291084,7.112673759,0.638942301,7.175616264,6.037125111,8.093439102,606.8554688,-2.735046625,-1.290484905,2.558091879,7.25087595,11.88605785,15.23395538,16.96861649,16.72889519,12.71158218,7.821050167,2.515649796,-1.425533056,673.2423706,584.7000732,4,122,18,10
22,542500,564500,1846.25,0.55356133,0.157678008,0.630197942,0.184300005,0.029928204,0.019754373,0.023571074,0.006950756,0.06715063,3.588090897,1.311365247,3.558367014,1.077592611,5.90115881,8.035023689,0.48283872,8.132708549,7.06288147,8.659703255,556.4159546,-2.614871502,-1.05950892,2.874220848,7.674180984,12.29789543,15.6532774,17.42471313,17.18458176,13.09101677,8.064325333,2.697259903,-1.305002809,613.1508789,456.9999695,4,122,18,10
23,544500,564500,694.335063,0.562000275,0.174789876,0.639918923,0.195746183,0.044373263,0.035520446,0.036473714,0.012337001,0.093005233,2.074690342,1.2065171,1.809549928,0.6225214,4.197708607,8.178384781,0.636146545,8.112609863,7.246371269,9.189889908,501.6982727,-2.469382286,-0.855416656,3.129469633,7.984491825,12.60872078,15.97951984,17.75795555,17.5082283,13.36398315,8.25287056,2.897288084,-1.143165708,609.2796631,441.6000366,4,126,18,10
24,546500,564500,417,0.478754282,0.178584635,0.559898794,0.232138485,0.038239565,0.01789053,0.034277484,0.015592904,0.073709249,3.080578566,1.642596483,2.931516409,0.490499914,6.070761681,7.672143459,0.616777301,7.761604786,6.418895245,8.392221451,506.3153992,-2.487588882,-0.874594033,3.107271671,7.963389874,12.58526516,15.95499992,17.73335266,17.4871521,13.34522629,8.237670898,2.875169516,-1.164652824,601.1254272,429.8000183,6,122,6,10
25,547500,564500,634.5671673,0.495921105,0.215025663,0.575803399,0.260384619,0.095993057,0.052243609,0.092641369,0.02425058,0.187274709,2.426629066,1.834105015,2.203778267,0.124055423,6.014304161,6.660784721,1.112065315,6.882848263,4.826580524,8.148352623,492.3625793,-2.466976643,-0.84857434,3.140869379,8.002965927,12.62717342,15.99672318,17.77894974,17.53056335,13.38155365,8.26334095,2.90048027,-1.143876433,598.1644287,444.3000183,4,31,18,10
26,550500,564500,664.2999878,0.551819444,0.187109619,0.615417182,0.240230769,0.038949315,0.02603364,0.031278297,0.01136298,0.08904887,3.170568466,0.890477419,3.269173145,1.567022204,4.464099884,7.695018768,0.765944839,7.758273125,6.212859154,8.716656685,541.8607178,-2.633789063,-1.055485487,2.893439054,7.727288246,12.34849644,15.70081902,17.48365211,17.2525692,13.14192104,8.085292816,2.689208984,-1.325505733,604.8847656,434.2999878,4,122,18,10
27,522500,563500,582.6617035,0.65733248,0.164401948,0.746465445,0.161000013,0.086513802,0.073680758,0.066250853,0.015235036,0.246029198,3.538001537,1.885442853,4.01127243,0.25302586,6.048265457,6.870620728,0.719350815,6.932237625,5.566147327,8.029360771,514.9108887,-2.499070644,-0.983851373,2.948469162,7.702655315,12.35205078,15.70028305,17.43365288,17.19062424,13.11401176,8.110470772,2.834547997,-1.156971097,700.1779785,617.8999634,6,93,18,10
28,524500,563500,1487.400024,0.70503211,0.104700327,0.775073647,0.125810444,0.049761958,0.031785697,0.042535901,0.010418909,0.113573179,2.776870251,1.817472458,2.141798496,0.391337663,5.711707592,6.985908508,0.703616261,7.054781914,5.78359127,7.98242712,575.232666,-2.702023029,-1.247220755,2.632394791,7.341073513,11.99168968,15.32675171,17.05399132,16.82485008,12.79322052,7.872854233,2.588446379,-1.374712944,715.4576416,637.4000244,4,93,18,10
29,526500,563500,347.0740326,0.591479778,0.172159612,0.706984401,0.155799985,0.059884213,0.034488019,0.052517503,0.017776707,0.125839591,4.147153378,1.297042251,4.257296562,1.724191189,5.876882553,7.205796719,0.77945286,7.277789116,5.698691368,8.286704063,571.4252319,-2.668124676,-1.199679613,2.690131187,7.409209251,12.06052494,15.39680862,17.12534142,16.89472389,12.85144043,7.914652824,2.631497145,-1.337752938,708.7830811,642.2999878,4,91,18,10
30,527500,563500,1127,0.635864317,0.142826915,0.745469332,0.116184592,0.062770329,0.040113393,0.051753789,0.017718354,0.141948432,3.667124748,1.932008147,4.023589134,0.161111519,6.050675869,7.085922241,0.513850451,7.141870499,6.177983284,7.769961357,591.5167847,-2.711755037,-1.261492848,2.606779814,7.306864738,11.95410061,15.29079151,17.01869965,16.78769875,12.76322079,7.854237556,2.566949129,-1.388545632,703.7559204,638.8999634,6,93,18,10
31,528500,563500,288.5,0.545263469,0.157857716,0.650811136,0.152946115,0.052891463,0.048058394,0.041849699,0.008182421,0.134431362,2.722974777,1.380136967,2.660354137,0.689958394,5.182239532,7.383375645,0.652933717,7.420796394,6.322689056,8.338788033,607.5944214,-2.736604691,-1.298732996,2.556971073,7.245621681,11.88953018,15.22892666,16.9573822,16.7238102,12.70884228,7.818972111,2.526638508,-1.420147657,703.3627319,636.9000244,4,126,18,10
32,531500,563500,774.3006046,0.581858873,0.137688458,0.695315123,0.145730734,0.047117934,0.031359002,0.040126868,0.014875899,0.104798466,2.278750181,1.250807166,2.081786156,0.745753884,4.655033588,7.544765472,0.568280995,7.526209831,6.633578777,8.41729641,586.2026978,-2.683078289,-1.222476482,2.649070501,7.352514267,11.99333,15.3404808,17.072855,16.83250427,12.80014133,7.883324146,2.59028244,-1.36221981,680.4203491,608.7000732,4,91,18,10
33,532500,563500,457.3649902,0.586844087,0.125744224,0.686518013,0.144523084,0.054737285,0.033673335,0.045849189,0.016518749,0.121050067,3.233604908,1.290919781,3.231454372,1.25874269,5.332515717,7.251525402,0.457510769,7.197826862,6.523468971,7.916155815,598.7780151,-2.702569723,-1.247859478,2.615090132,7.313389778,11.95366287,15.30048084,17.03242302,16.79275513,12.76618671,7.859212875,2.561949253,-1.385784626,669.5067749,597,4,93,18,10
34,542500,563500,615.625,0.534422815,0.192117333,0.614481211,0.196907699,0.031506717,0.021345451,0.02743955,0.006098266,0.071141623,3.461983442,1.326798201,3.434041023,0.602208197,5.96665287,8.062719345,0.57147485,7.952197075,7.272674084,9.205913544,541.3814697,-2.573947668,-1.004889607,2.939557076,7.748277187,12.37290859,15.73203468,17.50278854,17.25839233,13.15466118,8.109759331,2.751017094,-1.257271767,606.7186279,463.3999939,4,122,18,10
35,544500,563500,529.6353555,0.534603775,0.177228302,0.616453588,0.211184621,0.0683349,0.06458243,0.051210541,0.012937528,0.206435412,2.230350494,1.435535431,2.213582993,0.367302865,5.287468433,7.740315914,0.776634097,7.774754047,6.430472374,8.915151596,500.9299011,-2.449671984,-0.833661377,3.152897835,8.006016731,12.63023567,16.00525475,17.78165627,17.52886772,13.38079166,8.266949654,2.919463396,-1.121869922,600.6068115,444.4000244,4,126,18,10
36,545500,563500,560.9459886,0.554706991,0.158544213,0.648923457,0.182099998,0.049062304,0.060902812,0.029074129,0.007432653,0.156594232,2.907026768,1.782077074,3.156274319,0.141636282,6.103747845,8.01113224,0.906635046,8.220135689,6.317749023,9.271269798,498.6755371,-2.469682932,-0.857888043,3.124548912,7.975536823,12.6003828,15.97206211,17.74926186,17.49841499,13.35559368,8.247867584,2.894096136,-1.143275023,594.8932495,435.2000122,5,122,18,10
37,546500,563500,417,0.48932609,0.167615384,0.562500656,0.20518896,0.032982308,0.020461796,0.028810851,0.010618631,0.063748144,3.56242156,1.043059111,3.619793415,1.573967457,5.272624493,7.829748154,0.87339431,7.897161484,6.320337772,9.151647568,513.9867554,-2.523127317,-0.925277591,3.043384314,7.881807804,12.50497532,15.87166691,17.64819527,17.40287018,13.27248573,8.188162804,2.824971914,-1.204237342,593.0593262,426.3000183,6,122,6,10
38,549500,563500,483.8805847,0.463747442,0.181923956,0.537817061,0.245671988,0.030922957,0.016166491,0.028545052,0.008270801,0.062777817,2.785244703,1.17243433,3.065201283,0.591524243,4.413640022,8.006552696,0.679144442,8.026627541,6.853295803,9.155126572,519.4505615,-2.523564816,-0.921256363,3.05043745,7.897316456,12.51908207,15.88423729,17.66410637,17.42140579,13.28754234,8.195790291,2.824858904,-1.206697702,603.9033813,439.5999756,1,126,18,10
39,551500,563500,385.6700134,0.478979111,0.203517288,0.559163213,0.336130798,0.040754214,0.024378702,0.034744605,0.01241735,0.085359879,2.898094416,1.684035778,3.279140949,0.232160419,5.95545578,7.690014362,0.415817082,7.720894814,6.946700096,8.267183304,525.4740601,-2.553471804,-0.956078351,3.010989666,7.856497288,12.47791195,15.84053707,17.62208939,17.38100052,13.25237274,8.167277336,2.789519787,-1.2392838,602.3406982,432.2000427,4,125,18,10
40,552500,563500,601.9858642,0.540823579,0.156034589,0.618620634,0.185884655,0.035509311,0.011705751,0.034921091,0.018461499,0.05544056,2.222142458,0.798041761,2.522387028,0.766132772,3.11370182,7.727227688,0.359448284,7.791495323,7.140619755,8.270549774,519.1113892,-2.529742956,-0.921975434,3.051940918,7.90607357,12.52793884,15.89305115,17.67495918,17.43283272,13.29686451,8.197649002,2.821582079,-1.210360885,597.9559326,426.2999878,6,93,18,10
41,522500,562500,1477.900024,0.643159807,0.190014541,0.720222354,0.194784582,0.051278807,0.032426439,0.0457238,0.009395878,0.113529906,3.325918198,1.550829887,3.49266243,0.66177094,5.750730038,7.884772778,0.421761185,7.894974709,7.249483585,8.447451591,521.571106,-2.512493134,-0.999143183,2.92834878,7.678955078,12.32774734,15.67548084,17.4096508,17.16642952,13.09310722,8.094696999,2.817853212,-1.171241164,701.4169312,626.3999634,4,126,18,10
42,524500,562500,288.5,0.630875289,0.151371121,0.742602706,0.141302228,0.067615904,0.045680355,0.057433188,0.010092939,0.152299091,2.737568617,1.750030041,2.425565958,0.302179635,5.900399685,6.418457031,0.728191376,6.403660774,5.236069679,7.55518961,577.46875,-2.683187485,-1.218758821,2.666129112,7.379576206,12.03075504,15.36562157,17.09406853,16.86388779,12.82726002,7.895188808,2.613248587,-1.353225827,715.1016846,649.0999756,4,93,18,10
43,528500,562500,417.3987049,0.51771152,0.188663423,0.609760106,0.126146197,0.058195736,0.044355132,0.046945639,0.011312417,0.133735657,2.395431519,1.421493649,2.337273359,0.42533657,5.034799099,7.270734787,0.408608049,7.258755684,6.564333916,7.887775898,584.6130981,-2.700710773,-1.248308301,2.622361898,7.323135853,11.96899986,15.30813599,17.03687859,16.80317116,12.77641296,7.86550045,2.577401161,-1.378130198,700.2322388,641.7999268,4,122,18,10
44,531500,562500,790.0887935,0.543237746,0.186255813,0.656697392,0.162969291,0.030564547,0.022166548,0.025677714,0.006681582,0.067896836,2.562135935,1.230525732,2.436131239,0.819589972,4.799942017,8.342246056,0.609856188,8.269569397,7.5036726,9.387861252,577.9681396,-2.661235809,-1.192487717,2.688381672,7.400339127,12.04368496,15.39048004,17.12230682,16.88135529,12.84279728,7.911700726,2.622853041,-1.335401893,673.2576294,611.6000977,6,122,18,10
45,532500,562500,858.9251418,0.511157393,0.117994219,0.620715022,0.180932939,0.056811817,0.036854669,0.048753776,0.00925629,0.127049804,4.243960857,1.561480045,4.533486366,0.507152975,6.039518833,7.173273087,0.92636013,7.391967773,5.475271225,8.37631321,581.2080688,-2.663258791,-1.196667552,2.682750225,7.393785477,12.03633118,15.38446331,17.11634827,16.87487793,12.83757114,7.909021378,2.617259979,-1.339147091,661.5,600,10,126,18,10
46,533500,562500,289.5515368,0.60854429,0.138813436,0.712093592,0.14996922,0.068754382,0.037051298,0.061016038,0.020520549,0.139919028,2.432773829,1.518397212,2.218158484,0.487073213,5.678552628,6.492746353,0.754266679,6.474077225,5.251030922,7.570291042,603.1009521,-2.714488745,-1.26569891,2.589584589,7.285564899,11.92176056,15.27048016,17.00530434,16.76339531,12.74042416,7.842181683,2.541186571,-1.402870417,652.3627319,589.0999756,6,93,18,10
47,538500,562500,1477.900024,0.717336237,0.112890363,0.791523337,0.112392306,0.096785538,0.045457277,0.088275649,0.0376973,0.186101943,2.558262587,1.007084489,2.650727272,1.019466639,4.201296806,6.377087593,0.619222283,6.442017555,5.261403561,7.212306976,605.4706421,-2.70839262,-1.232288003,2.636085272,7.356017113,11.98537445,15.3387289,17.08707047,16.84270096,12.80420971,7.879059792,2.551610231,-1.403608561,637.6068115,526.2999878,4,93,18,10
48,539500,562500,700.1216667,0.570780635,0.135815382,0.657071173,0.134523094,0.071154185,0.0386636,0.06297262,0.027101532,0.147702783,2.698452234,0.751602292,2.607065201,1.637911081,4.081319332,6.701905251,0.720102131,6.676901817,5.458669186,7.860280514,574.9341431,-2.660798311,-1.14659977,2.754073381,7.511864662,12.13808155,15.49330521,17.25038338,17.0081749,12.94169521,7.969546318,2.625480175,-1.351093531,627.4220581,508.7000427,4,93,18,10
49,540500,562500,424.6234193,0.526835442,0.199340373,0.623628557,0.16366154,0.034901977,0.014652628,0.032249037,0.016057774,0.063511945,2.109802485,0.809046805,2.110093594,0.850414813,3.323235512,7.388784885,0.652410448,7.439243317,6.197929382,8.287100792,533.8962402,-2.537698269,-0.970834732,2.975123167,7.777655602,12.40445614,15.76974583,17.53499222,17.28455544,13.1777401,8.131574631,2.792598963,-1.216074347,616.8508301,494.5,6,91,18,10
50,542500,562500,664.2999878,0.501024127,0.175801903,0.591054797,0.213292301,0.052666996,0.050244432,0.039205328,0.004262992,0.138019651,3.933217049,1.407782674,4.008282661,0.912886679,5.859824657,7.709653854,0.848522484,7.589540482,6.436230659,9.519049644,530.0045776,-2.538873672,-0.963361025,2.987014771,7.798672199,12.42361927,15.78952026,17.55776405,17.30899429,13.19570637,8.142591476,2.79460454,-1.21848011,600.0407104,472.8999939,6,126,18,10
51,543500,562500,610.0275022,0.517079592,0.193259627,0.591303051,0.220115393,0.041462589,0.017751232,0.03982614,0.013582057,0.07074777,2.091615915,1.009247422,1.925785065,0.81954664,3.805328846,7.725095272,0.588448465,7.725812912,6.866300583,8.754742622,512.9603271,-2.503553867,-0.915240705,3.046610117,7.871243,12.49488831,15.8647747,17.63624954,17.38359833,13.26019764,8.18614006,2.839576244,-1.183296919,599.2830811,465.7000122,6,122,18,10
52,544500,562500,757.4926479,0.548998892,0.174571157,0.638013542,0.143715382,0.07008338,0.062694505,0.053773284,0.013394494,0.180405021,2.08120656,1.322108746,1.787669182,0.327874124,4.236663342,7.666440964,0.740935862,7.744036198,6.487071991,8.747483253,483.6702881,-2.427419424,-0.808017433,3.179825068,8.03471756,12.66003323,16.03881454,17.81284904,17.5559597,13.40443516,8.286276817,2.947146893,-1.09658289,594.2983398,453.5000305,4,126,18,10
53,545500,562500,518.5128587,0.519082248,0.20534423,0.591701031,0.239269227,0.065917954,0.055730335,0.050133124,0.011311146,0.169076234,2.662355185,1.142422795,2.977634907,0.551608145,4.344400883,7.416775227,0.642698228,7.489485741,6.347204685,8.311286926,491.6010132,-2.452050447,-0.84002775,3.143165827,7.992712021,12.61640263,15.99268436,17.76730537,17.51325798,13.36757088,8.257463455,2.913502932,-1.125095725,590.6339111,440.9000244,6,122,18,10
54,546500,562500,483.8805847,0.490485728,0.157176077,0.569787502,0.22375381,0.041465037,0.042606764,0.028523777,0.009304417,0.121092342,3.693052769,1.397636533,3.639407635,1.205588222,5.911345482,8.507549286,0.478082746,8.515112877,7.79014349,9.229990005,487.6034851,-2.435811996,-0.815787554,3.171186447,8.026948929,12.65125751,16.02915192,17.80486679,17.54915237,13.39870071,8.280891418,2.935875654,-1.106779695,588.9847412,428.9000244,6,122,18,10
55,547500,562500,429.9670736,0.523832858,0.165111542,0.602280259,0.174530804,0.038786042,0.025109665,0.035295505,0.007380555,0.082853168,2.290189743,1.473039269,2.258844137,0.433860809,4.62084341,7.999907494,0.690770745,7.972275257,6.947340488,9.127300262,492.0750122,-2.460634232,-0.847748816,3.133707047,7.985169888,12.60828304,15.98237324,17.7592411,17.50598717,13.36285305,8.253170967,2.902316332,-1.135347247,591.4356079,425.3000183,6,122,6,10
56,548500,562500,664.2999878,0.541429937,0.182111531,0.623189688,0.285230756,0.123398244,0.105499372,0.090611875,0.015586426,0.373857647,2.937157154,1.56717968,3.197530746,0.47312218,5.426172256,6.612709045,0.835376799,6.705173016,5.132274628,7.855459213,507.4430847,-2.489447832,-0.88395673,3.091306686,7.937457561,12.559268,15.93073463,17.70863914,17.45724487,13.31983089,8.222935677,2.866666794,-1.166921854,594.5407104,423.8999939,4,122,18,10
57,549500,562500,581.0763137,0.491784751,0.211309642,0.565465689,0.238530755,0.030936159,0.020247677,0.024833474,0.008657127,0.068997443,2.707499981,1.487099171,2.87519002,0.390633643,5.550717354,8.098659515,0.671641171,8.231379509,6.709039688,8.989853859,506.265625,-2.489748478,-0.882411063,3.094969988,7.941808224,12.56396961,15.93556499,17.71399689,17.46323204,13.3240118,8.225615501,2.866836309,-1.167304516,598.4779663,425.1000061,4,122,18,10
58,550500,562500,873.4681522,0.501375198,0.261490405,0.578062534,0.264623076,0.035798568,0.028425053,0.02772863,0.008580611,0.090375975,2.746301174,1.140693903,2.99790144,0.873062789,4.323485851,8.830629349,0.502619922,8.888049126,7.951958179,9.519411087,495.3188477,-2.468726158,-0.851371408,3.133242369,7.992231846,12.6152544,15.98853111,17.76861763,17.51686668,13.36889839,8.254811287,2.895904064,-1.144368529,599.5627441,423.0000305,4,122,18,10
59,551500,562500,664.2999878,0.477175385,0.217101932,0.558555186,0.213553846,0.057822671,0.05052726,0.045862805,0.010549532,0.14915897,3.545506954,1.254850745,3.728594303,0.788705826,5.364022732,7.680268288,0.553109586,7.674042702,6.815153599,8.511307716,521.7745361,-2.539693832,-0.942307115,3.024330378,7.867316723,12.48955727,15.8550005,17.63491058,17.3890934,13.25997162,8.174685478,2.80395484,-1.22219789,599.4101563,421.2000122,4,122,18,10
60,552500,562500,417,0.45816499,0.184307694,0.540451765,0.276407659,0.035967678,0.011909078,0.03644833,0.017290059,0.05441162,1.623085618,0.89782095,1.249572515,0.645321608,3.417388678,7.728851318,0.285129219,7.732847214,7.302998543,8.218862534,506.0687866,-2.474631071,-0.856244266,3.128868341,7.989350319,12.61052513,15.98415279,17.76648521,17.51678467,13.36751461,8.252924919,2.889237404,-1.152296305,596.2457886,427.1000366,4,31,18,10
61,553500,562500,374.9868086,0.466784447,0.269480795,0.548622131,0.282723069,0.035003211,0.01573891,0.032732911,0.012972109,0.062182538,1.948661804,1.259473205,1.712312222,0.357799411,3.9099648,8.60316658,0.390713513,8.653297424,7.906964779,9.233675957,494.0204773,-2.445024729,-0.816645443,3.177665472,8.047655106,12.66875362,16.04545212,17.8285675,17.57640839,13.41957664,8.288463593,2.929180861,-1.119409561,591.6169434,421.9000244,4,125,18,10
62,554500,562500,470.6657256,0.44463411,0.168975085,0.513347328,0.25470382,0.04433186,0.029174738,0.03738308,0.014157619,0.092769615,2.481811523,1.480802536,2.526002407,0.335564613,5.476356983,8.661761284,0.499379486,8.552383423,7.950334549,9.565550804,483.6618958,-2.266101837,-0.604282141,3.440158606,8.351553917,12.95390987,16.30553627,18.12586212,17.89961815,13.73090458,8.547977448,3.122824907,-0.942290902,584.4390259,413.1000366,4,122,18,10
63,555500,562500,496.2163319,0.540462494,0.186873078,0.614772975,0.176015377,0.062489074,0.053396799,0.04499954,0.020007519,0.174216121,2.225132465,1.778098941,1.670211792,0.224833414,6.001882076,7.706202507,0.417546153,7.751068115,6.941428661,8.351566315,461.0713806,-2.182804823,-0.49491629,3.571924686,8.504717827,13.10770893,16.46596146,18.29226303,18.0620842,13.87177944,8.651339531,3.23259902,-0.852050304,582.7220459,410.2999878,3,122,18,10
64,556500,562500,451.6807488,0.594451964,0.12212503,0.678430796,0.124230742,0.099825896,0.099284463,0.067824602,0.010398023,0.327380061,2.385853767,1.628941536,2.134116173,0.291048944,5.062652588,6.792904854,0.783745289,6.836175919,5.575378418,8.078373909,431.1713562,-2.092892408,-0.380604506,3.709267378,8.666893005,13.26845264,16.63387108,18.4671402,18.2335434,14.01920891,8.762083054,3.347740173,-0.75680697,578.0322266,405.2999878,4,126,18,10
65,525500,561500,424.754286,0.486251414,0.117584586,0.58657223,0.138999999,0.088205688,0.066368818,0.07626535,0.001768489,0.215416297,3.986325502,1.734802604,4.473588943,0.322913617,6.084617615,6.932165623,0.582532287,6.932754993,5.928093433,7.829246521,528.8400879,-2.563258648,-1.054036975,2.871295929,7.62296629,12.27569771,15.61994362,17.35224152,17.11470795,13.040452,8.046255112,2.773757219,-1.22096777,709.6373291,652.4000244,6,11,18,10
66,527500,561500,435.7933655,0.544213891,0.166753799,0.634918451,0.153853834,0.07435941,0.040077746,0.067054145,0.022882966,0.150080308,3.068763494,1.748467207,3.436172485,0.186219886,5.849380016,6.295991898,0.565662444,6.346828461,5.093392849,7.092861176,587.0532227,-2.693821907,-1.23713994,2.640240669,7.343729019,11.99045944,15.33005714,17.05926704,16.82599831,12.79497242,7.877966404,2.590508461,-1.367741942,697.9373169,645.5999756,6,122,18,10
67,530500,561500,288.5,0.536056638,0.187948108,0.639263153,0.183376908,0.056333926,0.034134235,0.048613686,0.016098604,0.11826469,3.128514051,1.566330671,2.863069534,0.844163418,5.687173843,7.371853828,0.442760378,7.380792618,6.60825634,8.000164032,583.4266968,-2.660743713,-1.19194293,2.690322638,7.403220654,12.04961777,15.39358807,17.12588882,16.88624954,12.8462429,7.913231373,2.627033949,-1.33359766,680.5847778,626.000061,6,126,18,10
68,531500,561500,814.6164551,0.609967232,0.191431105,0.724315047,0.189192355,0.026826791,0.025876071,0.019567862,2.33E-04,0.08052633,3.324058294,1.594764471,2.930710793,0.773883462,5.802390099,8.509394646,0.654468298,8.48151207,7.459345341,9.299149513,573.2657471,-2.649207354,-1.176919341,2.706615686,7.422118664,12.06610203,15.41274071,17.14603615,16.90410042,12.86228848,7.925888538,2.637401104,-1.322717309,667.1694946,617.6000977,6,122,18,10
69,532500,561500,1048.577519,0.608166754,0.161942124,0.706050515,0.166053832,0.06623356,0.036129262,0.05927632,0.019670382,0.1337616,3.842337132,1.757511139,4.298516273,0.280161202,6.060218334,6.569285393,0.716249049,6.513792992,5.461389542,7.701046944,591.5473633,-2.70038271,-1.246080041,2.618152142,7.317118645,11.9576273,15.30423737,17.03742409,16.79628181,12.76968956,7.861864567,2.565621614,-1.382695436,658.0101929,608.6999512,4,126,18,10
70,533500,561500,487.7026568,0.562027454,0.133296162,0.662855625,0.135361552,0.037489317,0.02157657,0.032978475,0.012328341,0.076830633,2.079132318,1.049952269,2.069992304,0.546643615,3.809712648,7.455805302,0.588404953,7.572968483,6.420861244,8.293703079,589.0331421,-2.67769289,-1.214866042,2.657845974,7.365056515,12.00579548,15.35237312,17.08854675,16.84524345,12.81132793,7.890869617,2.593531132,-1.357955217,649.0643921,598.2999268,4,122,18,10
71,534500,561500,615.625,0.552338898,0.194100022,0.663265109,0.151100039,0.05711706,0.039352149,0.048235592,0.010886432,0.129363567,3.737742186,1.546814919,3.933885098,0.354118317,5.930821419,7.64701128,0.561746657,7.711080551,6.656419754,8.433253288,604.7963867,-2.721678495,-1.273265481,2.578840971,7.270847797,11.90546799,15.25466156,16.99209976,16.74833298,12.72819233,7.834362984,2.52912426,-1.412875891,639.3237305,581,4,126,18,10
72,539500,561500,537.2399902,0.489485174,0.150105804,0.577349901,0.196053863,0.052589085,0.04061925,0.040424466,0.010975379,0.138251975,2.475601912,1.203157902,2.554428101,0.718072951,4.282706261,7.814758778,0.429263532,7.876030922,7.038294792,8.412805557,533.0155029,-2.541006088,-0.982553005,2.956916332,7.749265671,12.37670898,15.74344635,17.50420952,17.25166893,13.15135574,8.116046906,2.78429389,-1.218015313,620.6677856,516.7000122,4,122,18,10
73,541500,561500,690.9115806,0.552373946,0.139734805,0.649137676,0.154607713,0.091142364,0.086818069,0.062674895,0.014037321,0.287170529,2.851640224,1.653384924,2.887535095,0.327697456,5.700258732,7.440344334,0.839746773,7.593250275,6.045122623,8.538277626,510.4466553,-2.483952999,-0.897747755,3.063176632,7.882316589,12.50902176,15.88016987,17.64827728,17.39084244,13.26802254,8.195926666,2.861582041,-1.158119202,601.8745728,492.8999939,4,122,18,10
74,542500,561500,1127,0.590725839,0.189123094,0.682785332,0.171607673,0.033019684,0.05495844,0.017426059,0.005112719,0.102237463,2.725333452,1.397116184,2.492958069,0.823507488,5.694332123,8.385474205,0.852561891,8.646558762,6.462285995,9.253840446,523.0841064,-2.533515692,-0.960392892,2.986878157,7.794745922,12.41971016,15.7888422,17.55401802,17.30262375,13.19014168,8.140104294,2.798248529,-1.212985277,598.1677856,483.5,5,93,18,10
75,543500,561500,480.783745,0.48684144,0.181576937,0.576230466,0.19644618,0.033575345,0.030484082,0.023940828,0.005115886,0.096569769,2.367256641,1.63882494,2.07567668,0.325379252,5.477058411,8.506368637,0.83111912,8.438152313,7.040772915,9.819518089,505.4161072,-2.468425512,-0.872335553,3.096910954,7.926751614,12.55041027,15.92508507,17.6950798,17.43791771,13.30624294,8.221815109,2.884717464,-1.143903732,594.2017212,474.3000183,6,91,18,10
76,545500,561500,1120.692128,0.61360085,0.118815899,0.70050925,0.173384607,0.058907878,0.049135454,0.044022195,0.017666319,0.14844498,1.993141532,1.57803905,1.791195631,0.172334403,5.992242813,7.404479504,0.571684301,7.5033741,6.524283409,8.210128784,466.8321533,-2.369710207,-0.73635304,3.264270067,8.129209518,12.75598717,16.14293861,17.91850853,17.65492058,13.48855972,8.348688126,3.020084858,-1.034554362,585.5847778,450.7000122,4,122,18,10
77,546500,561500,130.8000031,0.526030123,0.163371176,0.600588322,0.194043934,0.076668881,0.053225111,0.066612184,0.014494019,0.173103064,2.500737906,1.546828389,3.202985764,0.246084675,4.426559448,7.439376831,0.793834865,7.362747192,6.15819931,8.801465988,487.6079102,-2.427474022,-0.809135258,3.17709136,8.029604912,12.65511227,16.03457642,17.80817413,17.54934502,13.40011311,8.282996178,2.94466114,-1.097730994,583.4949341,432.8000183,1,93,18,10
78,547500,561500,417,0.484558463,0.195646167,0.566005468,0.24683845,0.072986431,0.066996388,0.054697774,0.007798082,0.222094789,2.81160903,1.187860727,2.992292881,0.872792542,4.538599491,7.162542343,0.765619993,7.254213333,5.86245966,8.28959465,490.7172241,-2.435101271,-0.817737162,3.166921854,8.017825127,12.64152527,16.02053642,17.79505157,17.53821754,13.38937855,8.275314331,2.933954954,-1.106889009,587.2966309,424.7999878,6,122,6,10
79,548500,561500,768.2244073,0.590242982,0.15004617,0.670842111,0.13816154,0.109174982,0.101192854,0.079141214,0.006952136,0.315836996,2.352887869,1.517403364,2.472800255,0.299551934,5.109154701,6.554576397,0.764353096,6.519878387,5.320598602,7.810537815,458.0554504,-2.353608608,-0.709890842,3.298633099,8.174209595,12.8003006,16.18771172,17.96703148,17.70287132,13.53056526,8.376708984,3.043051004,-1.018398046,587.3864746,422.5,4,126,18,10
80,549500,561500,450.7012503,0.532609224,0.234658271,0.597447395,0.322492301,0.11741773,0.1201628,0.071700439,0.01014242,0.393775851,3.523967981,1.874994993,3.698482037,0.128672212,6.150141239,6.50615406,0.916291118,6.615237713,4.874613762,7.948607922,498.6700439,-2.462465763,-0.85276258,3.127091408,7.974209309,12.59696579,15.97293854,17.74835968,17.49398613,13.35209084,8.246829033,2.89672327,-1.138409019,588.2559204,418.5000305,6,126,18,10
81,550500,561500,265.4249878,0.496051759,0.17781347,0.571321726,0.233649492,0.055769924,0.035820685,0.049119804,0.016003212,0.118493959,1.953318,1.361463904,1.435144186,0.490285963,4.395483017,7.620005608,0.76410383,7.712209225,6.220792294,8.608804703,489.1629028,-2.446364164,-0.825783789,3.161208391,8.018220901,12.64174461,16.01912498,17.79778671,17.54166222,13.39110184,8.271787643,2.923615932,-1.118042707,593.3220215,420.5000305,4,122,18,10
82,551500,561500,807.2841321,0.599649012,0.119617283,0.676349938,0.166814327,0.123120405,0.097888239,0.096392334,0.024609514,0.361594945,3.697531939,1.839478135,3.968818903,0.151494548,6.129784107,6.498072624,0.940299034,6.342518806,5.194916248,8.116783142,509.8304443,-2.493985891,-0.887818336,3.085702658,7.931186676,12.55303478,15.92799473,17.70442963,17.45281601,13.31412411,8.217058182,2.860254288,-1.170639753,595.1762695,419.8999939,3,122,18,10
83,552500,561500,425.2516959,0.477270246,0.173200011,0.550011694,0.288230747,0.061494153,0.024028383,0.061422594,0.025092067,0.103489399,2.072468519,2.116292238,0.837830067,0.230953425,6.014481068,6.104008198,0.600921988,6.014659882,5.300240993,7.157087326,514.0582886,-2.495106697,-0.887569964,3.087588787,7.935480595,12.55710793,15.93090439,17.70869446,17.4579277,13.31822109,8.218616486,2.859858751,-1.17318213,596.1898193,419.3000183,6,122,18,10
84,553500,561500,348,0.483611315,0.236370027,0.56602639,0.308469176,0.051651448,0.033596803,0.042909581,0.024711808,0.114048742,1.669813991,1.716038942,0.945551634,0.265361696,5.879180908,7.490160465,0.514082491,7.415332317,6.719813824,8.409060478,488.2560425,-2.429688454,-0.798927128,3.194969893,8.06291008,12.68575764,16.06635666,17.84661102,17.59002304,13.43172359,8.300738335,2.947316408,-1.100792766,593.1949463,424.8000183,4,125,18,10
85,555500,561500,385.6700134,0.490834355,0.187265396,0.564557433,0.254700035,0.064983055,0.032570958,0.057849213,0.023409702,0.129506528,1.662319183,1.576061249,1.088230252,0.185643926,5.857288837,6.281482697,0.706491351,6.344767094,5.181892872,7.290446281,480.6222839,-2.223646879,-0.553790569,3.5003829,8.416949272,13.01886272,16.37251472,18.19631004,17.96653938,13.79228878,8.595297813,3.17401123,-0.897402942,584.4491577,411.5999756,4,126,18,10
86,556500,561500,320.8500061,0.573993564,0.147830725,0.661815524,0.169961572,0.054949488,0.042405725,0.046301916,0.011328268,0.147372633,1.680606961,1.280447125,1.35668242,0.290420741,4.585039616,7.403401375,0.618539512,7.379906654,6.561265469,8.437949181,461.8276672,-2.157681942,-0.467496067,3.60440135,8.538079262,13.13928413,16.49805069,18.32605362,18.09436798,13.90214729,8.677392006,3.259632826,-0.82577914,579.6847534,406.6000061,5,31,18,10
87,558500,561500,466.1557052,0.513556302,0.15963462,0.602345586,0.207192272,0.065808803,0.040692028,0.061169986,0.015823873,0.138427898,3.072202444,1.800913334,3.255746841,0.232850283,5.860013962,7.197104931,0.623478591,7.203313828,6.11307621,8.244257927,489.4634094,-2.376462698,-0.714968324,3.317687273,8.219491959,12.81457138,16.16867256,17.9861412,17.75683403,13.59226036,8.428649902,3.016582012,-1.06323123,577.1474609,402.3000183,7,122,6,10
88,525500,560500,858.1486755,0.569132745,0.181667298,0.684515834,0.167692304,0.116914257,0.095308237,0.089966238,0.012906471,0.313598007,3.219112873,1.722736716,3.469859838,0.416468233,5.82106781,6.518701553,0.908013344,6.385181427,5.196359158,8.032752991,556.776001,-2.639229059,-1.156455159,2.745735407,7.475932121,12.12815762,15.4668932,17.19568062,16.96344948,12.91045189,7.953636169,2.675338984,-1.302679062,706.4152832,650.5999756,4,126,18,10
89,526500,560500,814.6164551,0.576250851,0.137456298,0.687455535,0.188346148,0.068851314,0.06519109,0.0455551,0.012985586,0.21287334,3.384284258,1.503746033,3.410234451,0.509588778,5.780061722,7.685894012,0.755047262,7.614757061,6.551326752,8.854961395,566.1942749,-2.645243406,-1.168357134,2.728239536,7.450197697,12.10062885,15.43901157,17.16889,16.93572998,12.88807964,7.940705299,2.660903931,-1.311071634,700.3271484,650.8999634,6,122,18,10
90,527500,560500,603.8639256,0.60204345,0.145003855,0.718061805,0.153899968,0.056585379,0.033745106,0.050109915,0.017171115,0.115309045,4.008252621,1.624951124,4.337845802,0.386649728,6.027841091,7.161477566,0.563824773,7.192141533,6.205826759,7.996723175,577.3530884,-2.680453777,-1.219844341,2.65918541,7.368022919,12.01539135,15.35432243,17.08389854,16.84997368,12.81545258,7.892373085,2.607175112,-1.353444576,695.4729004,647,6,126,18,10
91,530500,560500,1897.965378,0.550795138,0.120513439,0.664167047,0.156092286,0.068737142,0.048921879,0.058633491,0.00963425,0.152867928,3.048512697,1.625969052,3.080718756,0.523620367,5.657831192,7.312872887,0.546108186,7.336406708,6.32572031,8.15219593,555.8231812,-2.605768204,-1.118897676,2.780535936,7.508757114,12.15177727,15.50265598,17.23701477,16.99111557,12.93635654,7.977693081,2.694802284,-1.273920178,676.715271,633.6999512,2,122,18,10
92,531500,560500,373.5433148,0.610451758,0.157957733,0.725929081,0.145953834,0.051495429,0.032300245,0.044669431,0.010898346,0.115685165,3.669844389,2.283883333,4.681732178,0.105100662,6.162866116,7.463599682,0.708381116,7.41237402,6.323269367,8.663370132,576.6872559,-2.664270163,-1.197651744,2.683378935,7.395706177,12.04059601,15.38576317,17.11670303,16.87714577,12.83805084,7.908392906,2.621073484,-1.338819027,663.2626953,625.0999756,4,60,18,10
93,534500,560500,288.5,0.556477547,0.192696154,0.666344941,0.195292294,0.042573448,0.032734361,0.033014659,0.008462647,0.106794238,2.866507769,1.908117175,2.549579859,0.225863993,6.0135355,8.04083252,0.696153045,8.144805908,6.635384083,8.949694633,598.15802,-2.684035063,-1.222524405,2.645407438,7.350141525,11.98641396,15.33726025,17.07378387,16.82859421,12.79799461,7.882750034,2.581101656,-1.367523193,645.4373169,598.9000244,4,125,18,10
94,538500,560500,589.390251,0.505123556,0.163025022,0.595830202,0.169923127,0.045729104,0.024991896,0.04102996,0.015259795,0.092196465,2.535876036,1.240134001,2.603919029,0.884881258,4.378495216,7.867609501,0.45117712,7.797503471,7.300094604,8.814870834,532.3956299,-2.524275541,-0.966472208,2.974275589,7.76418066,12.3940134,15.76200581,17.5215416,17.26596451,13.16418076,8.126626968,2.803305149,-1.198168397,622.784729,539.3000488,3,60,18,10
95,539500,560500,417,0.494073093,0.160861552,0.574139118,0.138261557,0.047636021,0.03449123,0.038217541,0.00983752,0.112692654,2.464159012,1.243170142,2.349368095,0.825112522,4.459334373,7.664574623,0.396609902,7.658378601,7.107945442,8.348444939,527.321106,-2.524111509,-0.96216917,2.980043888,7.775650024,12.4032259,15.77279663,17.53228569,17.27812958,13.17339039,8.130727768,2.80437851,-1.200464725,611.3813477,521.4000244,6,122,18,10
96,540500,560500,417,0.483268976,0.164944232,0.570101619,0.191192299,0.031803183,0.020903775,0.025950512,0.009601649,0.069559492,3.352617025,1.137978554,3.340255499,1.000760555,5.163928032,8.136299133,0.501711607,8.171736717,7.350775719,8.915348053,521.1602173,-2.513231277,-0.944051087,3.005221605,7.805960655,12.43258667,15.8024292,17.56574631,17.30956841,13.19937897,8.149262428,2.819604635,-1.18966651,605.2796631,512.7999878,6,122,18,10
97,541500,560500,766.4057617,0.504564345,0.149882674,0.592372596,0.163423061,0.088906549,0.1079183,0.046846867,0.013752992,0.333786279,2.702181578,1.599389195,2.732577085,0.559345484,5.513032436,7.135262012,0.943523049,7.241608143,5.445809364,8.476922989,519.5440063,-2.509567976,-0.937012613,3.014270067,7.819237232,12.44568062,15.81587601,17.58045387,17.32411194,13.21062183,8.156014442,2.825621605,-1.186331391,599.8203735,502.2999878,3,91,18,10
98,542500,560500,438.6588368,0.509279847,0.191382706,0.592302203,0.225623071,0.040437046,0.030355047,0.031338457,0.012843281,0.084225975,2.676607847,1.116427302,2.668871403,0.886481225,5.088526249,8.241433144,0.587052882,8.375851631,7.170873642,8.910388947,513.6883545,-2.495625973,-0.915006936,3.042482376,7.855197906,12.47993469,15.85242939,17.61820602,17.36107254,13.24223137,8.17772007,2.845904112,-1.170475721,596.3135986,492.2000122,6,126,18,10
99,543500,560500,417,0.487159222,0.154123068,0.576017678,0.227930784,0.025564063,0.01412979,0.022558391,0.007223919,0.052383076,3.46491766,1.717961907,3.898356438,0.415158689,5.757378101,8.602882385,0.471123159,8.536714554,7.896328926,9.469130516,516.4998779,-2.489639282,-0.904821754,3.053635836,7.86844635,12.49374008,15.86638451,17.63365173,17.37517738,13.25406837,8.186632156,2.853389978,-1.165281534,591.1694946,481.6999817,6,122,18,10
100,544500,560500,417,0.53098166,0.188401908,0.616979361,0.216971993,0.033859465,0.024983251,0.0262964,0.008086791,0.088434249,1.818047762,1.892564178,0.990536153,0.126818135,6.070617676,7.815005779,0.742717445,8.004406929,6.381540775,8.856027603,509.0296021,-2.474084139,-0.878921092,3.087834835,7.915338993,12.54048729,15.91709042,17.68600273,17.42714691,13.29570675,8.212274551,2.879237413,-1.146309495,587.7983398,473.1000061,6,122,18,10
